sample_id,label,measure,hoang,nhi,agree
LISA03,traffic_light,count,7,5,0
LISA03,traffic_light,attr:ego_relevance,not_relevant|not_relevant|not_relevant|not_relevant|not_relevant|relevant|relevant,not_relevant|not_relevant|not_relevant|not_relevant|relevant,0
LISA03,traffic_light,attr:needs_review,false|false|false|false|false|false|false,false|false|false|false|false,0
LISA03,traffic_light,attr:signal_type,circular|circular|circular|circular|left_arrow|unknown|unknown,circular|circular|circular|circular|left_arrow,0
LISA03,traffic_light,attr:state,red|red|red|red|red|red|unknown,red|red|red|red|red,0
LISA06,traffic_light,count,7,5,0
LISA06,traffic_light,attr:ego_relevance,not_relevant|not_relevant|not_relevant|not_relevant|not_relevant|relevant|relevant,not_relevant|not_relevant|not_relevant|not_relevant|relevant,0
LISA06,traffic_light,attr:needs_review,false|false|false|false|false|false|false,false|false|false|false|false,0
LISA06,traffic_light,attr:signal_type,circular|circular|circular|circular|left_arrow|unknown|unknown,circular|circular|circular|circular|left_arrow,0
LISA06,traffic_light,attr:state,red|red|red|red|red|red|red,red|red|red|red|red,0
LISA14,traffic_light,count,7,5,0
LISA14,traffic_light,attr:ego_relevance,not_relevant|not_relevant|not_relevant|not_relevant|not_relevant|relevant|relevant,not_relevant|not_relevant|not_relevant|not_relevant|relevant,0
LISA14,traffic_light,attr:needs_review,false|false|false|false|false|false|false,false|false|false|false|false,0
LISA14,traffic_light,attr:signal_type,circular|circular|circular|circular|left_arrow|unknown|unknown,circular|circular|circular|circular|left_arrow,0
LISA14,traffic_light,attr:state,red|red|red|red|red|red|red,red|red|red|red|red,0
LISA18,traffic_light,count,7,5,0
LISA18,traffic_light,attr:ego_relevance,not_relevant|not_relevant|not_relevant|not_relevant|not_relevant|relevant|relevant,not_relevant|not_relevant|not_relevant|not_relevant|relevant,0
LISA18,traffic_light,attr:needs_review,false|false|false|false|false|false|false,false|false|false|false|false,0
LISA18,traffic_light,attr:signal_type,circular|circular|circular|circular|left_arrow|unknown|unknown,circular|circular|circular|circular|left_arrow,0
LISA18,traffic_light,attr:state,green|green|green|green|red|red|red,green|green|green|green|red,0
LISA22,traffic_light,count,7,5,0
LISA22,traffic_light,attr:ego_relevance,not_relevant|not_relevant|not_relevant|not_relevant|not_relevant|relevant|relevant,__undefined__|not_relevant|not_relevant|not_relevant|not_relevant,0
LISA22,traffic_light,attr:needs_review,false|false|false|false|false|false|false,false|false|false|false|false,0
LISA22,traffic_light,attr:signal_type,circular|circular|circular|circular|left_arrow|unknown|unknown,__undefined__|circular|circular|circular|circular,0
LISA22,traffic_light,attr:state,green|green|green|green|red|red|red,__undefined__|green|green|green|green,0
