sample_id,decision_id,expected,severity,kind,peer_evidence,correct,note
BDD26,d1,geometry: box chỉ ôm phần sáng lóa của đèn,minor,geometry,none,,
BDD26,d2,relevance=not_relevant (đèn hậu của ô tô phía trước),critical,decision,none,,
BDD26,d3,label=traffic_light (đèn xanh trên cao ở giữa ngã tư),major,decision,none,,
BDD24,d1,ESCALATE,major,decision,none,,
BDD24,d2,relevance=not_relevant (đốm sáng mờ trên cao),minor,decision,none,,
BDD24,d3,attribute=unknown (nếu cố tình label),major,decision,none,,
LISA30,d1,label=traffic_light (đèn bị cắt mép ảnh),major,decision,traffic_light [ego_relevance=not_relevant;needs_review=false;signal_type=circular;state=green] | traffic_light [ego_relevance=relevant;needs_review=false;signal_type=left_arrow;state=red],,
LISA30,d2,attribute=red,critical,decision,traffic_light [ego_relevance=not_relevant;needs_review=false;signal_type=circular;state=green] | traffic_light [ego_relevance=relevant;needs_review=false;signal_type=left_arrow;state=red],,
LISA30,d3,geometry: box bám sát vạch viền ảnh,minor,geometry,traffic_light [ego_relevance=not_relevant;needs_review=false;signal_type=circular;state=green] | traffic_light [ego_relevance=relevant;needs_review=false;signal_type=left_arrow;state=red],,
LISA30,d4,relevance=not_relevant (đèn nhỏ li ti của nhánh đường khác),major,decision,traffic_light [ego_relevance=not_relevant;needs_review=false;signal_type=circular;state=green] | traffic_light [ego_relevance=relevant;needs_review=false;signal_type=left_arrow;state=red],,
BDD12,d1,relevance=not_relevant (đèn người đi bộ),minor,decision,none,,
